"('context', 'inst_name')",count,ror_category
BECKMAN RESEARCH INSTITUTE/CITY OF HOPE,195,healthcare
,93,other
VA BOSTON HEALTH CARE SYSTEM,92,healthcare
J. DAVID GLADSTONE INSTITUTES,79,nonprofit
VAN ANDEL RESEARCH INSTITUTE,70,nonprofit
TEXAS A&M AGRILIFE RESEARCH,68,education
VETERANS ADMIN PALO ALTO HEALTH CARE SYS,68,healthcare
HUGO W. MOSER RES Institute KENNEDY KRIEGER,49,healthcare
FEDERATION OF AMER SOC FOR EXPER BIOLOGY,48,nonprofit
SCHEPENS EYE RESEARCH INSTITUTE,45,nonprofit
NORTHERN CALIFORNIA INSTITUTE/RES/EDU,39,nonprofit
LUNDQUIST INSTITUTE FOR BIOMEDICAL INNOVATION AT HARBOR-UCLA,39,nonprofit
FATHER FLANAGAN'S BOYS' HOME,38,nonprofit
KEYSTONE SYMPOSIA,32,nonprofit
Texas A&M AgriLife Research,32,education
BATTELLE PACIFIC NORTHWEST LABORATORIES,30,facility
REHABILITATION INSTITUTE OF CHICAGO D/B/A SHIRLEY RYAN ABILITYLAB,29,healthcare
NATHAN S. KLINE INSTITUTE FOR PSYCH RES,28,government
"Nevada System of Higher Education, Desert Research Institute",28,education
HEBREW REHABILITATION CENTER FOR AGED,27,healthcare
JAMES A. HALEY VA,26,healthcare
Carnegie Institution of Washington,25,nonprofit
ENDEAVOR HEALTH CLINICAL OPERATIONS,24,healthcare
American Institutes for Research in the Behavioral Sciences,20,nonprofit
"NorthWest Research Associates, Incorporated",19,company
WINIFRED MASTERSON BURKE Medical RES Institute,18,nonprofit
HEALTHPARTNERS INSTITUTE,15,healthcare
SCINTILLON INSTITUTE FOR PHOTOBIOLOGY,12,nonprofit
U.S. DEPT/VETS AFFAIRS,12,government
OREGON RES BEHAVIORAL INTERVENTION STRAT,12,nonprofit
PONCE,11,education
UCLA Compter Science,11,education
THE TRUSTEES OF THE STEVENS INSTITUTE OF TECHNOLOGY,11,education
UC Santa Barbara,10,education
PPD DEVELOPMENT LP,10,company
Digital Promise Global,9,nonprofit
Chico State Enterprises,9,education
USC Department of Earth Sciences,9,education
Battelle Memorial Institute,9,nonprofit
Boyce Thompson Institute Plant Research,8,nonprofit
BLOODWORKS,8,healthcare
Woods Hole Research Center,8,nonprofit
"CARNEGIE INSTITUTION OF WASHINGTON, D.C.",8,nonprofit
UNIVERSIDAD CENTRAL DEL CARIBE,8,education
CLEMENT J. ZABLOCKI VA,7,healthcare
INOVA HEALTH CARE SERVICES,7,healthcare
CALIFORNIA POLY STATE U SAN LUIS OBISPO,6,education
VISITING NURSE SERVICE OF NEW YORK,6,healthcare
INTEGRAL MOLECULAR,6,company
CENTRE/AIDS PROGRAMME/RES/SOUTH AFRICA,6,nonprofit
NCAR,6,facility
CALIFORNIA STATE POLY U POMONA,6,education
CALIFORNIA STATE DEPT/FOOD/AGRICULTURE,6,government
MISSOURI STATE DEPT/ HEALTH & SENIOR SRV,6,government
UC Riverside,6,education
OLIN TEAGUE VETERANS CENTER,5,healthcare
KY ST CABINET/HEALTH/FAMILY SERVICES,5,government
COLORADO STATE DEPARTMENT/AGRICULTURE,5,government
AVERA MCKENNAN,5,healthcare
INTERNATIONAL Center/DIARRHOEAL DIS RES,5,nonprofit
WISCONSIN DEPT/AGRI/TRADE/CONSUM/ PROT,5,government
TERASAKI INSTITUTE FOR BIOMEDICAL INNOVATION,5,nonprofit
KWAZULU-NATAL RESEARCH INSTITUTE TB-HIV,5,nonprofit
Predictive Science Incorporated,5,company
NATIONAL PARTNERSHIP/ENVIRONMNTL/TECH/ED,4,nonprofit
SANFORD RESEARCH NORTH,4,nonprofit
SUNY Stony Brook,4,education
BATTELLE CENTERS/PUB HLTH RES & EVALUATN,4,nonprofit
HUMAN CELL CO,4,company
Institute for Astronomy,4,education
U.S. NATIONAL Institute/CHILD HLTH/HUMAN DEV,4,nonprofit
U.S. NATIONAL Institute DIABETES/DIGST/KIDNEY,4,nonprofit
FISHING PARTNERSHIP HEALTH PLAN,4,healthcare
LOUISIANA STATE OFFICE OF PUBLIC HEALTH,4,government
ALASKA STATE DEPT/ENVIRONMTL CONSERVATN,4,government
COLORADO STATE DEPT/PUB HLTH & ENVIRONMT,4,government
RBHS -CANCER INSTITUTE OF NEW JERSEY,4,education
Henry Administration Building,4,education
The Citadel,4,education
Hawaii Institute of Marine Biology,4,education
OSU CENTER FOR,4,education
NEW JERSEY STATE DEPT/HEALTH/SENIOR SRVS,4,government
UCLA Physics and Astronomy,4,education
PARTNERSHIP TO END ADDICTION,4,nonprofit
Atmospheric & Space Tech Research Associates,4,company
3-C INSTITUTE FOR SOCIAL DEVELOPMENT,4,company
VA ST DEPT/ AGRICULTURE & CONSUMER SRVS,4,government
UCLA Computer Science Dept.,3,education
UCLA,3,education
IAS,3,nonprofit
CodeVA,3,nonprofit
MU-JHU CARE,3,nonprofit
UNC Charlotte,3,education
U.S. NATIONAL Institute/NEURO/DS/STROKE,3,nonprofit
Inter-American Institute for Global Change Research,3,nonprofit
CAPTIS DIAGNOSTICS,3,company
Tufts CEEO,3,education
KECK GRADUATE Institute OF APPLIED LIFE SCIS,3,education
"BIOSTRATEGIES, LC",3,company
"UCLA Earth, Planetary, and Space Sciences",3,education
"KASA BIO, L.L.C.",3,company
BLACKROCK MICROSYSTEMS,3,company
NORTH AMERICAN ASSN/CENTRAL CANCER REG,3,nonprofit
WABANAKI HEALTH AND WELLNESS,3,nonprofit
UC Santa Cruz,3,education
FLANDERS INTERUNIV Institute BIOTECHNOLOGY,3,nonprofit
UT Austin,3,education
UC San Diego,3,education
FLINT REHABILITATION DEVICES,3,company
INTEGRATED MEDICAL SENSORS,3,company
VA NEW YORK HARBOR HLTHCARE/SYS/BROOKLYN,3,healthcare
USC-Information Sciences Institute,3,education
The Quilt,3,nonprofit
STRATTON VETERANS ADMIN,3,healthcare
GLOBAL FOOD PROTECTION INSTITUTE D/B/A INTERNATIONAL FOOD PROTECTION TRAINING INSTITUTE,3,nonprofit
UTAH DEPARTMENT OF AGRICULTURE/FOOD,3,government
PROTEOGENOMICS RESEARCH INSTIT/SYS/ Medical,3,other
NH STATE DEPT/HLTH STATISTICS/DATA MGMT,3,government
3D MOLECULAR DESIGNS,3,company
WEST VIRGINIA STATE DEPT HLTH/HUMAN RSCS,3,government
IMPLENOMICS LLCS,3,company
INSTITUTE FOR BASIC RES IN DEV DISABIL,3,government
ALBUQUERQUE VA,3,healthcare
Higher Education Policy Commission,3,government
FORT BELKNAP INDIAN COMMUNITY,2,government
BOOZ ALLEN HAMILTON,2,company
BIOINDUSTRIAL MANUFACTURING AND DESIGN ECOSYSTEM,2,nonprofit
INTER-AMERICAN INSTITUTE FOR COOPERATION ON AGRICULTURE -IICA,2,nonprofit
ARIZONA STATE DEPARTMENT OF AGRICULTURE,2,government
NEPHROPATHOLOGY ASSOCIATES,2,company
THE BEAUTYWELL PROJECT,2,nonprofit
"DELOITTE CONSULTING, LLP",2,company
KATHOLIEKE UNIVERSITEIT LEUVEN,2,education
POLYPEPTIDE LABORATORIES SAN DIEGO,2,company
FOOD & AGRICULTURAL ORG/UNITED NATIONS,2,government
NC STATE DEPT/HLTH & HUMAN SERVICES,2,government
NURELM E-BUSINESS SOFTWARE,2,company
Scripps Florida,2,nonprofit
AG BELL ASSN FOR DEAF & HARD OF HEARING,2,nonprofit
IOWA STATE DEPT/ INSPECTIONS AND APPEALS,2,government
"Sistema Universitario Ana G. Mendez, Incorporado",2,education
ARIETIS,2,company
BIOSURFACES,2,company
TENGEN BIOMEDICAL CO.,2,company
STEELWORKER CHARITABLE AND EDUCATIONAL ORGANIZATION,2,nonprofit
NJEDge.Net,2,nonprofit
U.S. NATIONAL Institute ON DEAFNESS/COMM DISR,2,nonprofit
OWLFLY,2,company
USC,2,education
Shannon Point Marine Center,2,education
Human Frontier Science Program,2,funder
Internationales Institut fur angewandte Systemanalyse,2,nonprofit
National Girls Collaborative,2,nonprofit
Farallon Institute for Advanced Ecosystem Research,2,nonprofit
Department of Computer Science and Engineering,2,education
RBHS-ROBERT WOOD JOHNSON,2,education
Carnegie Institute,2,nonprofit
UCF,2,education
GREAT LAKES NEUROTECHNOLOGIES,2,company
ADIALANTE L.L.C.,2,company
Department of Energy,2,government
Texas A&M AgriLife Extension Service,2,other
CORD,2,nonprofit
CSU Channel Islands,2,education
Institute for Geophysics,2,education
Battelle Memorial Insitute,2,nonprofit
BLACK IN MARINE SCIENCE,2,nonprofit
LSU,2,education
Boyce Thompson Institute for Plant Research,2,nonprofit
Sloan Kettering Institute For Cancer Research,2,nonprofit
Tides Center,2,nonprofit
CERN,2,facility
UCSD,2,education
Linguistics Department,2,government
Van Andel Research Institute,2,nonprofit
Texas A&M,2,education
UMCES,2,education
UNH Biological Sciences,2,other
COGNI TRAX,2,company
NEW,2,other
SUNY,2,education
NEURANO BIOSCIENCE,2,company
NEW YORK CITY HEALTH/MENTAL HYGIENE,2,government
SOCIOS EN SALUD SUCURSAL PERU,2,nonprofit
MATERIALS NOVA LIMITED LIABILITY COMPANY,2,company
INTRAVACC B.V.,2,nonprofit
"NATIONAL HEART, LUNG, AND BLOOD INSTITUTE",2,nonprofit
CHILDREN'S HOSPITALS AND CLINICS,2,healthcare
STICHTING RADBOUD UNIVERSITAIR MEDISCH CENTRUM I.O.,2,other
HAMILTON,2,other
CENTRE/SEXUAL HLTH/HIV AID RES/ZIMBABWE,2,other
AMERICAN GASTROENTEROLOGICAL ASSN/Institute,2,nonprofit
HBVTECH,2,company
CERTARA UK LIMITED,2,company
DC DEPARTMENT OF HEALTH,2,government
RETIVUE,2,company
PUBLIC HEALTH SERVICES,2,government
SWEDISH,2,other
LIFENGINE ANIMAL HEALTH LABORATORIES INCORPORATED,2,company
HART3S,2,company
LOMA LINDA VETERANS ASSN RESEARCH & EDUC,2,nonprofit
NEST GENOMICS,2,company
APPLIED BIOMEDICAL SCIENCE INSTITUTE,2,nonprofit
NATIONAL INSTITUTE OF PSYCHIATRY,2,government
NEW YORK/R&D/Center/TRANSLATIONAL Medical/THER,2,nonprofit
CENTRE DE RECHERCHE DE L'HOPITAL DOUGLAS,2,other
BIOMEDWARE,2,company
"TINY CARGO COMPANY, THE",2,other
AMERICAN SAMOA COMMUNITY CANCER COALITIO,2,nonprofit
"FIBRONOX, L.L.C.",2,other
CENTER FOR VETERANS RESEARCH AND EDUCATION,2,nonprofit
COVIRA SURGICAL,2,other
AFRICA INSTITUTE OF MENTAL AND BRAIN HEALTH,2,nonprofit
DNA MEDICINE INSTITUTE,2,nonprofit
"AIVOCODE, LLP",2,other
QUSPIN,2,company
GATS,1,company
Arizona Board of Regents for on behalf of Arizona State U,1,government
WNET,1,nonprofit
"SANParks, Kruger National Park",1,government
Kruger National Park,1,government
072051394,1,other
BFIT,1,other
Northwest Boreal Partnership,1,nonprofit
"Rutgers, The State of New Jersey",1,government
NAU-Institute for Human Development,1,nonprofit
Nez Perce Tribe,1,government
Iguazu National Park,1,government
HealthPartners Institute,1,healthcare
Johns Hopkins,1,education
Baltimore Algebra Project,1,nonprofit
JUMPCODE GENOMICS,1,company
Giant Screen Films,1,company
Department of Economics,1,government
LSU AGcenter,1,education
Department of Engineering Education,1,government
Cal Poly Pomona,1,other
Carnegie Mellon,1,other
UW Tacoma Center for Urban Waters,1,nonprofit
Mechanical Engineering Department,1,company
FIU,1,education
Arizona State UniversityAZ Board of Regents on behalf of Arizona,1,government
NASA,1,government
NCCU,1,education
FAU Harbor Branch,1,education
Fish and Wildlife Research Institute,1,nonprofit
Board of Regents,1,government
Dept. of Geoscience,1,government
California Pacific,1,healthcare
MIS Dept.,1,government
UMass Boston,1,education
"Board of Regents,",1,government
Virginia Tech,1,education
"KYEVO-MOGYLYANSKA AKADEMIYA, NATSIONALNY UNIVERSYTET",1,other
UCLA PHYSICS AND ASTRONOMY,1,education
87-0217280,1,other
"Wisconsin IceCube Particle Astrophysics Center, UW-Madison",1,nonprofit
UCLA Graduate Division,1,education
Cerro Jazmin Archaeological Project,1,nonprofit
STEM Education Center,1,nonprofit
UMBC,1,education
HELMHOLTZ-ZENTRUM POTSDAM,1,other
asee,1,other
WVU Constructed Facilities Center,1,nonprofit
Institute for Pure and Applied Mathematics,1,nonprofit
PATH,1,nonprofit
Texas A&M Ecosystem Science and Management,1,nonprofit
NEON Battelle,1,other
Isle Royale National Park,1,government
UCSB MCDB,1,education
Conn Center for Renewable Energy Research,1,company
UCLA Civil & Environmental Engineering Dept.,1,government
Arkansas Science & Technology Authority,1,government
IAB Toolik 757005,1,other
EDC,1,nonprofit
MSU Department of Forestry,1,government
Oregon Insitute of Marine Biology,1,other
Swift Coat,1,company
Plaza of the Columns Complex,1,other
NIMBLE SURGICAL INCORPORATED,1,other
"NW Campus, Nome",1,education
Precision Neuroscopics,1,company
Suite A,1,other
UCSC,1,education
ATLAS AI P.B.C.,1,other
Center for Limnology,1,nonprofit
Department of Ecology and Conservation Biology,1,government
Rhaeos,1,company
Smithsonian Institution (STRI),1,other
Department of Anthropology,1,government
Climate Conservation,1,other
Geological Survey-Denver,1,other
919-966-5433,1,other
5 POINT APP,1,other
UCI,1,education
ALASKA STATE DEPARTMENT OF HLTH-SOC SVCS,1,government
UC Davis,1,education
Trivium Consulting,1,company
NATIONAL SCIENCE POLICY NETWORK,1,other
IU,1,education
EDUCATE MAINE,1,nonprofit
"The Mind Research Network, a division of LBRI",1,government
"Scripps Institution of Oceanography, UC San Diego",1,education
CLINICAL DATA INTERCHANGE STAND/CONSORT,1,company
Universite Cote DAzure,1,other
qBraid Co.,1,company
No organization,1,other
"Woods Hole Oceanographic Institution, Quissett campus",1,education
SUNY Oswego,1,education
IEEE International Conference on Quantum Computing and Eng.,1,nonprofit
"SEGMEDIX, CO.",1,company
Pines Local Solution,1,other
ICOSA COMPUTING,1,other
LOGISTICS MANAGEMENT INSTITUTE,1,nonprofit
Massachusetts Eye and Ear,1,healthcare
WHITE MOUNTAIN APACHE TRIBE,1,government
Fred Hutchinson Cancer Research Center,1,nonprofit
Department of Computer Science,1,government
BIOLINQ INCORPORATED,1,other
"Field, Elizabeth Catherine",1,other
"Prokhorov, Andrei",1,other
Physics- U of Minnesota,1,education
CSU Long Beach,1,education
UCLA Computer Science Department,1,education
Institute for Social Research and Data Innovation,1,company
UW-Madison,1,education
"Naff, Keaton Thomas",1,other
UC Irvine,1,education
NASA GSFC,1,government
"Department of Spanish, Italian, and Portuguese",1,government
3 I,1,other
KATE ALLYN PROSTHETIC RESEARCH,1,other
U. Colorado Boulder,1,education
"Lamarche, Alicia Mae",1,other
UCLA Department of Mathematics,1,government
RAND Gulf States Policy Institute,1,nonprofit
U of Hawaii West Oahu,1,education
Smithsonian Institution,1,nonprofit
Texas A&M-Commerce,1,education
The Echinacea Project,1,nonprofit
Rio Bravo Conservation and Management Area,1,other
Echinacea Project,1,nonprofit
Kauai Shrimp,1,other
Olin Hall,1,other
IUPUI,1,education
Digital World Biology,1,nonprofit
USC; Aerospace & Mechanical Engineering Dept,1,government
SUBR,1,education
U.Colorado Boulder,1,education
Morehouse,1,education
CERETYPE NEUROMEDICINE IN,1,other
Guangdong Provincial Cardiovascular Institute,1,nonprofit
Uni MD Centr for Env Science,1,education
Proyecto Itza,1,other
Strategic Energy Innovations,1,nonprofit
Linguistics,1,other
"CSU, Chico",1,education
FAMU-FSU RIDER Center,1,nonprofit
Virginia Tech National Capital Region,1,other
Danish Center for Hadal Research/Max Planck Institute for MM,1,nonprofit
Department of Sociology,1,government
Institute for Accessibility Development,1,nonprofit
Georgia Tech,1,education
LUMENASTRA,1,other
Ednovo,1,nonprofit
CUAHSI,1,nonprofit
"Virginia Institute of Marine Science, William & Mary",1,nonprofit
Monteverde Institute,1,nonprofit
The Holden Arboretum,1,other
CENTRE DE GENETIQUE HUMAINE,1,other
"BOR, NSHE",1,other
Enterprise Works,1,other
OFF PLANET RESEARCH L.L.C.,1,other
Penn State Erie,1,other
BIODIVERSITY OUTREACH NETWORK,1,other
PARAMOUNT PLANET PRODUCT,1,other
Midwest Electric Propulsion Company,1,other
Cornell Water Filtration Plant,1,other
completionAI,1,other
Kepley Biosystems Incorporated,1,other
BioAmp Diagnostics,1,company
Vena Vitals,1,other
UT Dallas,1,education
Mathematisches Forschungsinstitut Oberwolfach,1,other
Trestle Optics,1,other
Bezwada Biomedical,1,company
STARK STREET MATERIALS COMPANY,1,company
Silvec Biologics,1,other
"WINDWARD ENGINEERING, L.C.",1,company
The Water Tower,1,other
EPA,1,other
"Robichaux, Colleen E",1,other
UCLA Math Department,1,education
SUNY-ESF,1,education
"EarthScope, In c",1,other
IRIS,1,other
Battelle Education,1,other
INSTITUTE FOR NATIVE PACIFIC EDUCATION AND CULTURE,1,nonprofit
"Manawan, Quebec",1,other
Georgia Institute,1,nonprofit
Villanova Inn and Conference Center,1,nonprofit
GLOBAL PHILANTHROPY PARTNERSHIP,1,nonprofit
Bay area bioscience education community,1,nonprofit
ASTRO America,1,other
LISA FITZPATRICK & ASSOCIATES MD PC,1,other
Johns hopkins,1,education
Holaskoli a Holum i Hjaltadal,1,other
UCI Applied Innovation,1,education
Jefferson Community and Techni,1,nonprofit
MTTC/SCME,1,other
Columbia Univeristy Lamont-Doherty Earth Obs.,1,other
NSF,1,government
The Fledge,1,other
LACIM/Université du Québec à Montréal (UQAM),1,other
TOTAL ANALYSIS L.L.C.,1,other
"Seelinger, George H",1,other
Massachusetts Institute of Technology Department of Mathematics,1,government
Northern Forest Center,1,nonprofit
Urbanova,1,nonprofit
Genspace,1,nonprofit
Texas A & M AgriLife Research,1,other
Princeton Innovation Center BioLabs,1,nonprofit
CelluDot,1,other
CARNEGIE INSTITUTION OF WASHINGTON,1,nonprofit
"Ehichioya, David Ehireme",1,other
"Ramirez-Corona, Bryan A",1,other
"DeSimone, Joely",1,other
Olivia Kosterlitz,1,other
"Snead, Anthony Andrew",1,other
"Froehlich, Catheline Yasmin-Magali",1,other
"Stanton, Lauren Ashely",1,other
New Iridium,1,other
Swinomish Indian Tribal Community,1,nonprofit
QUEENSLAND INSTITUTE OF MEDICAL RESEARCH,1,nonprofit
Viterbi,1,other
SDSMT,1,education
HeroWear,1,other
003259439,1,other
Centre Songhai Regional,1,other
CSU Office of the Chancellor,1,education
Boise State,1,education
220 Hollister Hall,1,other
H.J. Andrews Experimental Forest LTER Site,1,other
The J. David Gladstone Institutes,1,nonprofit
Central Caribbean Marine Institute,1,nonprofit
UNL Chemistry,1,other
Oregon,1,other
Hawaii,1,other
Boomplaas Cave,1,other
Muon Vision,1,other
Industry Labs,1,company
Hope Center,1,nonprofit
Indy Hall,1,company
Paleontological Research Institution,1,other
International Center for Advanced Internet Research Northwestern,1,nonprofit
Wisconsin National Primate Research Center,1,nonprofit
AZ Board of Regents on behalf of Arizona State,1,government
"U.S. Geological Survey, Fort Collins Science Center",1,nonprofit
Interuniversity Institute,1,nonprofit
Embassy Suites by Hilton Alexandria,1,other
Rehabilitation Institute of Chicago,1,nonprofit
UNC-Charlotte,1,education
Network Startup Resource Center,1,nonprofit
GENIPHYS,1,company
Department of Chemistry,1,government
Computer Sciences Department,1,government
Obsidian Sensors,1,other
UMass Dartmouth,1,education
National Center for CryoEM Access and Training,1,nonprofit
SAFELI,1,other
Loggerhead Instruments,1,company
UNC,1,education
NMSU,1,education
Environmental Health and Education Center,1,nonprofit
Power Environmental Energy Research Institute,1,company
Department of Physics/UNT,1,government
MSU,1,education
101 Whitehurst HAll,1,other
Observatories of the Carnegie Institution for Science,1,other
"Wong, Biji",1,other
UCLA Electrical & Computer Engineering,1,company
Institute of Behavioral Science,1,nonprofit
041980632,1,other
Institute for Rock Magnetism,1,nonprofit
Department of Chemistry and Biochemistry,1,government
Cal. State. Uni. Domingues Hills,1,other
UA-Civil Engr,1,other
Multiplier-Environmental Data and Governance Initiative,1,nonprofit
Nelson Institute for Environmental Studies,1,nonprofit
"Mayfield, KY disaster site",1,other
EERC,1,other
Carnegie Learning,1,company
Fermilab/LPC/Cornell,1,other
AAVSO,1,nonprofit
Wisconsin IceCube Particle Astrophysics Center,1,nonprofit
SUNY @ Stony Brook,1,education
UCSB,1,education
UofA Mathematics,1,other
Coeur d Alene Tribe,1,government
"JOHNSON, O.S. TECHNICAL INSTITUTE",1,nonprofit
Lena Ji,1,other
Charles Babbage Institute,1,education
SUNY STONY BROOK,1,education
"Lopatto, Patrick",1,other
"Finocchiaro, Jessica J",1,other
"Hallgren, Maximilien",1,other
UCLA Mathematics Department,1,education
SUNY-Buffalo Dept. of Chemistry,1,education
OCULOGENEX,1,other
Eidgenössische Technische Hochschule (ETH) Zürich,1,education
J. David Gladstone Institutes,1,nonprofit
Peraton labs,1,company
"Fu, Beverly",1,other
CRYOSCOPE MEDICAL,1,other
"MASTERS, MATES AND PILOTS MARITIME ADVANCEMENT, TRAINING, EDUCATION AND SAFETY PROGRAM D/B/A MITAGS/MCC",1,nonprofit
MAINE CENTER FOR COASTAL FISHERIES,1,nonprofit
BIOREALM,1,company
CITY OF MISSOULA,1,government
QRS DIAGNOSTIC,1,company
WAVI COMPANY,1,company
AVSANA LABS INCORPORATED,1,company
ESSENTIA INSTITUTE OF RURAL HEALTH,1,nonprofit
PICOYUNE,1,company
PHOTOMATRIX,1,company
ASCAN L. L. C.,1,other
ERIE COUNTY,1,government
LIFEBOARD MEDICAL,1,other
RESULTS GROUP,1,company
"DIRECT ELECTRON, LP",1,company
ELEVATEU,1,company
MOTHER COMMUNICATIONS CO.,1,company
3RT INNOVATIONS,1,other
INSTITUT JEAN PAOLI & IRENE CALMETTES CENTRE REGIONAL DE LUTTE CONTRE LE CANCER,1,other
INSERM PARIS 5,1,other
ASIAN HEALTH COALITION OF ILLINOIS,1,nonprofit
INTERNATIONAL CENTRE/GENETC ENGR/BIOTECH,1,company
VASCULAR VISION PHARMACEUTICALS COMPANY,1,other
HARRIS COUNTY,1,other
FRANKLIN COUNTY OHIO BOARD/COMMISSIONERS,1,government
WETA TV 26,1,other
SAFE WATER AND AIDS PROJECT (SWAP),1,nonprofit
JAVELIN BIOTECH,1,company
ALCORIX,1,other
MASSIVE ANALYSIS AND QUALITY CONTROL SOC,1,other
NATIONAL ASSN /CNTY/CITY/HLTH/OFFICIALS,1,other
WESTERN STATES CANCER RESEARCH NCORP,1,other
COMMONWEALTH SCIENTIFIC & INDUST RES ORG,1,other
AUSTRALIAN HEARING SERVICES,1,other
HUMMINGBIRD PRECISION MACHINE COMPANY,1,other
FLORIDA ASSN OF PEDIATRIC TUMOR PROG,1,other
YEMAACHI BIOTECH,1,company
"BOR, NSHE,",1,other
EDIFY,1,company
EARTHSHOT Labs PBC,1,company
RIVALIA CHEMICAL CO,1,company
ABSENTEE SHAWNEE TRIBE OF OKLAHOMA,1,government
CHUGACH REGIONAL RESOURCES COMMISSION,1,government
EASTERN SHOSHONE TRIBE,1,government
ADVANCED OPTRONICS,1,other
GODWIT KEY COMPANY,1,other
CATALYST COOPERATIVE,1,nonprofit
MATREGENIX,1,other
ORPHAGEN PHARMACEUTICALS,1,company
STUDENT RESEARCH & DEVELOPMENT,1,other
Sea Bird Marina,1,other
Board of Trustees,1,government
SHAKOPEE MDEWAKANTON SIOUX COMMUNITY,1,nonprofit
The Administrators of the Tulane Educational Fund,1,nonprofit
"FAKHRO, LOUAY K",1,other
NATIONAL INSTITUTE FOR PHARM TECH/EDUC,1,nonprofit
Biochip Labs,1,company
U.S. PHARMACOPEIA,1,nonprofit
ISTITUTO DI RICERCA GENETICA E BIOMEDICA IRGB CNR,1,other
BATTELLE MEMORIAL INSTITUTE,1,nonprofit
MONTEFIORE,1,other
Set Point Solutions,1,company
BiomeSense,1,company
CURRENT INNOVATION NFP,1,other
THE INDUSTRIAL COMMONS,1,other
Rocky Mountain Innovation Initiative (DBA: Innosphere Ventures),1,nonprofit
Oregon Institute of Marine Biology,1,nonprofit
Center for Western Weather and Water Extremes,1,nonprofit
NASA Marshall Space Flight Center (MSFC),1,government
Terasaki Institute for Biomedical Innovation,1,nonprofit
DRYAD,1,nonprofit
MYANIML,1,company
BEATSON INSTITUTE FOR CANCER RESEARCH,1,nonprofit
COMMONSPIRIT HEALTH RESEARCH INSTITUTE,1,nonprofit
mHUB,1,nonprofit
INDOOR BIOTECHNOLOGIES,1,company
"CENTER FOR BIOETHICS AND RESEARCH, NIGERIA",1,nonprofit
VITAMIN D WORKSHOP,1,other
NORTH CAROLINA COMMUNITY HEALTH Center/ASSN,1,nonprofit
ASOCIACION BENEFICA PRISMA,1,other
GLOBAL ANIMAL HEALTH TANZANIA,1,other
GLAXOSMITHKLINE BIOLOGICALS,1,other
PRENTKE ROMICH COMPANY,1,other
SENTARA HEALTH,1,other
"INTERNATIONAL UNION, UAW OF AMER AFL-CIO",1,nonprofit
ICH,1,other
AYUDA MEDICAL,1,company
CULTURA Y ARTE NATIVA DE LAS AMERICAS,1,other
CENTRE OF EXCELLENCE IN HEALTH MONITORING AND EVALUATION,1,other
FUNDACAO MANHICA,1,other
PERCEPTION DYNAMICS INSTITUTE,1,nonprofit
JAGUAR ANIMAL HEALTH,1,company
SYNCANICA BIO,1,company
ASSN OF FOOD/DRUG OFFICIALS/SOUTH/STATES,1,other
UBATEC S.A.,1,other
RESELUTE,1,company
CELL PODIUM,1,company
SESH INCORPORATED,1,company
"STATE OF NEW HAMPSHIRE-DEPARTMENT OF AGRICULTURE, MARKETS & FOOD",1,government
DAIGNOSTX L.L.C.,1,other
DELAWARE STATE DEPARTMENT OF AGRICULTURE,1,government
KENTUCKY STATE DEPARTMENT OF AGRICULTURE,1,government
MISSISSIPPI STATE DEPARTMENT OF AGRICULTURE AND COMMERCE,1,government
"PERLARA, PBC",1,other
LIUNA TRAINING AND EDUCATION FUND,1,nonprofit
VETERANS EDUCATION/RES/ASSN/NORTH/NE,1,other
RICHMOND INSTITUTE FOR VETERANS RESEARCH,1,nonprofit
WEST VIRGINIA STATE HEALTH DEPARTMENT,1,government
CASTNER INCORPORATED,1,other
RASOPATHIES NETWORK USA,1,other
CHICAGO ASSN FOR RESEARCH & EDUC IN SCI,1,other
NZUMBE EPIGENETICS,1,company
"PRINSES MAXIMA VOOR KINDERONCOLOGIE, BV",1,other
HOUSING AUTHORITY OF THE CITY OF LOS ANGELES,1,government
U.S. NATIONAL Institute OF ENVIRON HLTH SCIS,1,nonprofit
"UNIVERSIDAD NACIONAL, COSTA RICA",1,other
FEONIX,1,nonprofit
CAMPESINOS SIN FRONTERAS,1,other
ASIAN AMERICAN HEALTH COALITION/HOUSTON,1,nonprofit
ARKANSAS CANCER COALITION,1,nonprofit
OSIVAX SAS,1,company
FUNDACIO INSTITUT DE RECERCA BIOMEDICA,1,other
INSTITUTE FOR CLINICAL PHARMACODYNAMICS,1,nonprofit
BATTELLE MEMORIAL INSTITU,1,other
FUNDACION INCIENSA,1,other
NOVA RESEARCH COMPANY,1,other
HILL GROUP THE,1,company
OMNISYNC INCORPORATED,1,company
WOODS & POOLE ECONOMICS I,1,other
URBAN HEALTH PARTNERSHIPS,1,other
NEW MEXICO STATE DEPARTMENT/ ENVIRONMENT,1,government
PARTNERSHIP FOR RESEARCH/ACTION/HEALTH,1,nonprofit
ASIAN COMMUNITY HEALTH COALITION,1,nonprofit
TRIFOIL IMAGING,1,other
TET MEDICAL,1,company
CENTRO INTERNACIONAL (CIDEIM),1,other
"SISTEMA UNIVERSITARIO ANA G. MENDEZ, INCORPORADO",1,education
SPECTRAGENETICS,1,other
ANAGIN,1,company
SAN JUAN BAUTISTA,1,other
NEUROVATIONS,1,company
"ACCELERATED MUSCLE BIOTECHNOLOGIES CONSULTANTS, L.L.C.",1,other
"THE SWEET I AM, PLLC",1,other
SUMA SOLUTIONS,1,company
FEMTOVOX INCORPORATED,1,other
ORI COMMUNITY AND EVALUATION SERVICES,1,nonprofit
SOUTHEAST ARIZONA AREA HEALTH EDUCATION CENTER,1,nonprofit
HEALTHY TARRANT COUNTY COLLABORATION,1,other
HOOLA MUSIC AND CULTURAL ARTS,1,other
"Higher Education, Connecticut Board of Regents For",1,government
"ATMOSPHERIC & SPACE TECHNOLOGY RESEARCH ASSOCIATES, L.L.C",1,other
UCAR/NCAR,1,other
PUERTO RICO DEPARTMENT OF HEALTH,1,government
TERC,1,nonprofit
Colorado Seminary,1,education
SITKA TRIBE OF ALASKA,1,government
USFS-Savannah River Site,1,other
JOANNEUM RESEARCH FORSCHUNGSGESELLSCHAFT MBH,1,other
John G Shedd Aquarium,1,archive
Carnegie Institution of Washington (California),1,other
WPI,1,education
Changing Expectations,1,other
FIU Metropolitan Center,1,nonprofit
REGION HOVEDSTADEN,1,other
"AMRC, SSEC, Univeristy of Wisconsin-Madison",1,other
East West Center Imin Conference Center,1,nonprofit
VETERINARMEDIZINISCHE UNIVERSITAT WIEN,1,other
Morehead Planetarium and Science Center,1,archive
MAINE STATE DEPT/HEALTH/HUMAN SERVS,1,government
BOYCE THOMPSON Institute FOR PLANT RESEARCH,1,nonprofit
Dept. of Geology and Geophysics,1,government
DIVISION OF AGRICULTURE,1,government
Center of Science and Industry,1,nonprofit
OSU Ship Operations,1,education
c/o Office of Grants and Contract Administration,1,government
Swinomish Indian Tribal Communiy,1,government
Blackfeet Indian Reservation,1,other
International Pacific Research Center,1,nonprofit
TEXAS A&M TRANSPORTATION INSTITUTE,1,nonprofit
UNC Chapel Hill,1,education
"Wharton, Department of Statistics",1,government
Department of Earth Sciences,1,government
UC San Diego Scripps Institute of Oceanography,1,education
COALITION FOR NATIONAL TRAUMA RESEARCH,1,nonprofit
MONTANA STATE DEPT/PUB HLTH & HUMAN SRVS,1,government
Global Center for Medical Innovation,1,nonprofit
IU Network Science Institute,1,nonprofit
MSU Physics Department,1,education
HEALING LODGE OF THE SEVEN NATIONS,1,other
STELLAR ENGIINE,1,other
PRJCT B CO.,1,company
ICORIUM ENGINEERING COMPANY,1,company
Lee Mcloughlin's fieldwork site,1,other
UCLA Electrical & Computer Engineer,1,education
POLY-ORTH INTERNATIONAL,1,other
LAMAR INSTITUTE OF TECHNOLOGY,1,nonprofit
Institut des Hautes Etudes Scientifiques,1,other
OPHTHALMOLOGY,1,other
UCLA EPSS,1,education
"COHERENT PHOTONICS, LIMITED LIABILITY COMPANY",1,company
Maritime and Defense Technology Hub,1,company
INSERM STRASBOURG,1,other
FLUID REALITY INCORPORATED,1,other
X-SIGHT INCORPORATED,1,other
QUANTUM METROLOGY,1,other
"YEBOAH, AMY",1,other
NEXUMA L.L.C.,1,other
FEMTOFLUIDICS INCORPORATED,1,other
KW Precision Machine,1,other
Apricity Robotics,1,other
"GRID MODERNIZATION SOLUTIONS, L.L.C.",1,company
"METEORA3D, INCORPORATED",1,other
Centre de Recherches Mathematiques (CRM),1,other
WILD MICROBES CO,1,company
Center for the Future of Arizon,1,nonprofit
ISTOVISR,1,other
Ithaka S+R,1,other
Khemia Metals,1,other
CORPORATE NODE,1,other
ANTIXERO,1,other
MECEHTM8DB17,1,other
HYSA FILLERS L.L.C.,1,other
SUPERBLOOM DESIGN,1,other
Hyfi,1,other
OSU,1,education
Department of Ecology and Evolutionary Biology,1,government
Biological Sciences Curriculum Study,1,other
Illinois Natural History Survey,1,other
SOUTH DAKOTA,1,other
RESEARCH FOR DEVELOPMENT,1,other
CHN NEBRASKA,1,other
THE AIRD,1,other
CIWRO,1,other
Pontchartrain Conservancy,1,nonprofit
VARIABLES MACHINES COMPANY,1,other
Silvis Materials,1,company
Hacker Dojo,1,other
PECA LABS,1,company
Navajo Nation,1,government
SCORPIDO PHOTONICS,1,other
SAMSAT,1,other
Hotel Laguna Nivaria,1,other
the CNRS conference center,1,nonprofit
Reuben H. Fleet Science Center,1,nonprofit
RIPPLE EFFECT WATER LITERACY PROJECT,1,nonprofit
"Dept. of Soil, Water, and Climate",1,government
CA101518 Viterbi Computer Science,1,other
"Department of Earth, Planetary, and Space Sciences, UCLA",1,government
Center de Recherches Mathematiques,1,nonprofit
WESTWOOD AEROGEL CO.,1,company
U.C. Berkeley,1,other
AXPRO SEMI,1,other
The New Mexico Office of Archaeological Studies,1,government
ROWLAND ROBERT REEVES,1,other
DIMERX,1,other
Beckman Research Institute City of Hope,1,nonprofit
Penn State Scranton,1,other
"Scripps Institution of Oceanography, UC San Deigo",1,education
MediMint,1,other
TAMU Department of Physics and Astronomy,1,education
Opal Grand Oceanfront Resort,1,company
Greentown labs,1,nonprofit
INATURALIST,1,nonprofit
UW System for U of Wisconsin-Milwaukee,1,education
Sitka Tribe of Alaska,1,government
OUTER COAST,1,education
DIGITAL ORGANIZING POWER-BUILDING AND ENGAGEMENT LABS,1,company
Banff Centre for Arts and Creatiity,1,education
DIAN FOSSEY GORILLA FUND I,1,nonprofit
Cape Rey Carlsbad Beach Hilton,1,other
MULTIPLIER,1,nonprofit
UI LABS,1,nonprofit
Great Minds in STEM,1,nonprofit
INSIGHTFIL,1,other
Earth and Atmospheric Sciences,1,other
MAINSQUARE CO,1,company
Romberg Tiburon Center,1,nonprofit
Astronomy Department,1,government
VCU,1,education
"Department of Chemistry, UC Riverside",1,education
EcoAdapt,1,nonprofit
JW Marriott conference center,1,nonprofit
USC AME Dept,1,government
Health Research Incorporated/New York State Department of Health,1,government
SC24 Conference,1,nonprofit
"Child Trends, Incorporated",1,nonprofit
"Centro de Ciencias Matematicas, UNAM, Morelia",1,other
ECHOICS,1,other
"RETURN TO VENDOR, CO",1,company
STEM NEXT OPPORTUNITY FUND,1,nonprofit
Three3,1,other
UCLA Bioengineering Department,1,education
SHARON WASHINGTON,1,other
"MICRO-GRX, INCORPORATED",1,other
Seattle Convention Center,1,nonprofit
Food and Drug Administration,1,other
"SUNY at Buffalo,",1,education
NovoThelium,1,other
Development Gateway,1,nonprofit
NOAO,1,facility
